p_pdb_id,q_pdb_id,monge_rate_1,monge_rate_2,monotonicity_rate_1,monotonicity_rate_2
1cbu,1c9k,,0.807839,0.855495,0.960894,0.960894
3hvp,4hvp,,0.7816,0.890085,0.84375,0.84375
1ldm,6ldh,,-0.810506,-1.42351,0.993902,0.993902
149l,1l53,,0.805664,0.871331,0.98773,0.98773
1bpd,2bpg,,-0.103388,-0.590144,0.975232,0.975232
1ezm,1u4g,,3.02672,2.19209,0.96633,0.96633
3enl,1ebg,,-0.881629,0.201913,0.949425,0.949425
1ggg,1wdn,,-0.863372,-0.958172,0.962963,0.962963
1lfg,1lfh,,5.68034,0.915392,0.992754,0.992754
2lao,1lst,,1.60794,1.31585,0.949367,0.949367
1urp,2dri,,0.0578592,0.482314,0.966667,0.966667
4tnc,2tn4,,0.831253,0.875527,0.894737,0.894737
